title,authors,year,abstract,arxiv_id,pdf_filename
Artificial Intelligence in Healthcare: A Review of Applications,"A. S. L. Amin, M. A. Kabir",2020,"This paper reviews the role of artificial intelligence in healthcare. AI has shown promising capabilities in medical diagnostics, digital health records, and clinical prediction systems.",2004.14814,2004.14814_Artificial_Intelligence_in_Healthcare__A_Review_of_Applicati.pdf
Deep Learning for Healthcare: Systematic Review of Applications,"R. Miotto, F. Wang, S. Wang, X. Jiang",2022,"A comprehensive review of deep learning techniques applied to electronic health records, clinical imaging, and physiological signals to enhance diagnostic accuracy.",2206.14238,2206.14238_Deep_Learning_for_Healthcare__Systematic_Review_of_Applicati.pdf
Clinical Applications of Artificial Intelligence in Hospital Workflows,"J. Watson, S. Holmes",2020,This paper investigates how clinical workflows can be optimized using automated machine learning scoring models in hospital emergency departments.,2011.11181,2011.11181_Clinical_Applications_of_Artificial_Intelligence_in_Hospital.pdf
Machine Learning for Patient Care: An Evaluation of Clinical Trials,"M. Grey, C. Yang",2019,We evaluate the impact of deploying machine learning recommendation engines for clinical decisions across multi-center clinical trials.,1908.09876,1908.09876_Machine_Learning_for_Patient_Care__An_Evaluation_of_Clinical.pdf
Digital Health Systems and Artificial Intelligence Integration,"D. Shepherd, A. Karev",2020,"This study analyzes the integration of artificial intelligence in digital health platforms, highlighting interoperability and data pipeline challenges.",2007.12345,2007.12345_Digital_Health_Systems_and_Artificial_Intelligence_Integrati.pdf
AI in Healthcare Systems: Ethical and Regulatory Perspectives,"B. Wayne, C. Kent",2019,Ethical and legal considerations surrounding the use of machine learning models in critical diagnostic software in healthcare platforms.,1910.11123,1910.11123_AI_in_Healthcare_Systems__Ethical_and_Regulatory_Perspective.pdf
Healthcare Automation via Machine Learning and Decision Trees,"D. Prince, B. Allen",2021,We present an automated decision support system using robust gradient boosting models to classify patient severity scores.,2110.12345,2110.12345_Healthcare_Automation_via_Machine_Learning_and_Decision_Tree.pdf
A Survey on Healthcare AI Architectures and Security Protocols,"H. Jordan, J. Stewart",2022,A security review of cloud-based medical data processing systems that run deep convolutional networks on edge nodes.,2210.12345,2210.12345_A_Survey_on_Healthcare_AI_Architectures_and_Security_Protoco.pdf
Deep Learning Models for Health Informatics and Patient Outcome Prediction,"A. Cameron, R. Chase",2021,We present a deep recurrent neural network designed to predict length of stay and mortality using raw medical telemetry logs.,2109.11111,2109.11111_Deep_Learning_Models_for_Health_Informatics_and_Patient_Outc.pdf
Machine Learning for Patient Care: Abstraction and Real-world Deployment,"P. Cox, J. Dorian",2022,"An empirical study of deployment strategies for patient monitoring models, assessing accuracy drift over a 12-month window.",2209.00111,2209.00111_Machine_Learning_for_Patient_Care__Abstraction_and_Real-worl.pdf
Deep Learning for ECG Analysis: A Systematic Survey,"M. S. Maturin, J. Aubrey",2020,"A survey of deep learning algorithms applied to electrocardiogram analysis, focusing on classification of arrhythmias and feature extraction.",2004.11824,2004.11824_Deep_Learning_for_ECG_Analysis__A_Systematic_Survey.pdf
Cardiovascular Risk Prediction using Self-Supervised ECG Representations,"J. Watson, A. Lovelace",2021,We demonstrate that self-supervised pre-training on large unlabeled ECG datasets yields high-fidelity representations for cardiovascular risk scoring.,2109.02808,2109.02808_Cardiovascular_Risk_Prediction_using_Self-Supervised_ECG_Rep.pdf
Artificial Intelligence in Cardiovascular Medicine: Clinical Applications,"S. Maturin, H. Sulu",2022,"An overview of how deep learning architectures assist cardiologists in detecting heart failure, ischemic heart disease, and coronary risk from patient data.",2208.10976,2208.10976_Artificial_Intelligence_in_Cardiovascular_Medicine__Clinical.pdf
ECG Anomaly Detection using Recurrent Attention Networks,"F. Wilson, G. Taylor",2023,This paper presents a recurrent model equipped with attention layers to identify temporal anomalies in continuous multi-lead ECG signals.,2302.04692,2302.04692_ECG_Anomaly_Detection_using_Recurrent_Attention_Networks.pdf
Deep Learning for Cardiovascular Risk Scoring in Large Populations,"E. Flores, F. Price",2020,We develop a convolutional network to estimate ten-year cardiovascular risk scores from non-invasive clinical biometric measurements.,2006.11585,2006.11585_Deep_Learning_for_Cardiovascular_Risk_Scoring_in_Large_Popul.pdf
ECG Classification using Multi-Scale Convolutional Neural Networks,"T. Wright, V. Scott",2019,A multi-scale CNN architecture designed to capture both local waveform changes and global rhythm variations in electrocardiograms.,1910.10659,1910.10659_ECG_Classification_using_Multi-Scale_Convolutional_Neural_Ne.pdf
AI and Cardiology: Challenges in Clinical Translation,"D. Miller, E. Davis",2021,"We review key bottlenecks preventing the clinical integration of AI models in cardiology workflows, highlighting interpretability and validation.",2105.04874,2105.04874_AI_and_Cardiology__Challenges_in_Clinical_Translation.pdf
Cardiovascular Risk Assessment using Machine Learning Classifiers,"R. Allen, S. King",2022,"A comparison of gradient boosting machines, random forests, and support vector machines for prediction of acute coronary syndromes.",2203.05342,2203.05342_Cardiovascular_Risk_Assessment_using_Machine_Learning_Classi.pdf
ECG Analysis using Foundation Models and Fine-Tuning,"L. Clark, M. Harris",2023,"We adapt large transformer foundation models to model electrocardiograms, achieving competitive performance on lead classification tasks.",2310.03541,2310.03541_ECG_Analysis_using_Foundation_Models_and_Fine-Tuning.pdf
Cardiovascular Disease Prediction using Deep Neural Networks,"N. Lewis, O. Robinson",2020,A multi-layer neural network trained on electronic health record sequence patterns to forecast cardiovascular events in high-risk groups.,2011.02685,2011.02685_Cardiovascular_Disease_Prediction_using_Deep_Neural_Networks.pdf
Deep Learning for Sepsis Prediction in Intensive Care Units,"P. Cox, J. Dorian",2020,A recurrent neural network with LSTM cells is developed to predict the onset of sepsis in critical patients using multivariate time-series data.,2006.02325,2006.02325_Deep_Learning_for_Sepsis_Prediction_in_Intensive_Care_Units.pdf
Sepsis Detection in ICU using Time-Series Neural Networks,"C. Turk, E. Reid",2021,An early warning model for sepsis using temporal convolutional networks that achieves early prediction up to six hours prior to clinical onset.,2102.05193,2102.05193_Sepsis_Detection_in_ICU_using_Time-Series_Neural_Networks.pdf
AI Models for Early Detection of Sepsis in Clinical Settings,"G. House, E. Foreman",2022,"A validation study assessing a real-time sepsis risk calculator deployed in a major clinical intensive care unit, detailing positive predictive values.",2204.09506,2204.09506_AI_Models_for_Early_Detection_of_Sepsis_in_Clinical_Settings.pdf
Real-Time Sepsis Prediction using Multi-Task Deep Learning,"J. Kirk, H. Sulu",2019,We describe a multi-task network that predicts sepsis development while simultaneously estimating patient survival probability over time.,1909.04153,1909.04153_Real-Time_Sepsis_Prediction_using_Multi-Task_Deep_Learning.pdf
Deep Learning for Sepsis Detection and Risk Stratification,"B. Crusher, D. Troi",2018,A deep classifier designed to identify distinct physiological sub-phenotypes of sepsis from continuous patient vitals data.,1805.10577,1805.10577_Deep_Learning_for_Sepsis_Detection_and_Risk_Stratification.pdf
Early Sepsis Detection using Gradient Boosted Decision Trees,"J. Watson, S. Holmes",2020,"A lightweight gradient boosted tree classifier for clinical sepsis prediction, optimized for low latency in resource-constrained clinics.",2009.00624,2009.00624_Early_Sepsis_Detection_using_Gradient_Boosted_Decision_Trees.pdf
Sepsis Prediction Models: A Systematic Performance Analysis,"A. Cameron, R. Chase",2021,"A systematic review comparing temporal neural networks, regression classifiers, and clinical rules for predicting acute organ failure.",2110.10058,2110.10058_Sepsis_Prediction_Models__A_Systematic_Performance_Analysis.pdf
AI in ICU Sepsis Management: Clinical and Algorithmic Challenges,"P. Cox, J. Dorian",2022,"We outline algorithms for sepsis risk forecasting, explaining technical constraints such as missing value imputation in EHR databases.",2208.02111,2208.02111_AI_in_ICU_Sepsis_Management__Clinical_and_Algorithmic_Challe.pdf
Explainable AI for Sepsis Risk Scoring in Emergency Settings,"M. Welby, S. Kiley",2023,"Applying SHAP and LIME to interpret neural network predictions for sepsis, allowing clinicians to inspect causal vitals variations.",2305.18432,2305.18432_Explainable_AI_for_Sepsis_Risk_Scoring_in_Emergency_Settings.pdf
Early Detection of Sepsis using Sequence-to-Sequence Models,"D. Howser, D. Spaulding",2019,An encoder-decoder architecture designed to process irregularly sampled clinical telemetry streams to predict shock risk.,1906.00843,1906.00843_Early_Detection_of_Sepsis_using_Sequence-to-Sequence_Models.pdf
AI-Driven Drug Discovery: A Comprehensive Review,"A. Lovelace, C. Babbage",2023,"We review deep generative chemistry models, molecular property prediction, and pocket-based molecular docking systems using AI.",2303.16875,2303.16875_AI-Driven_Drug_Discovery__A_Comprehensive_Review.pdf
Deep Learning for Drug-Target Interaction Prediction,"A. Turing, J. Clarke",2022,A graph neural network framework developed to predict binding affinity between small molecules and target therapeutic proteins.,2206.00412,2206.00412_Deep_Learning_for_Drug-Target_Interaction_Prediction.pdf
AI-Driven Drug Discovery: Target Identification and Validation,"R. Franklin, F. Crick",2021,"A systematic review of AI models in early-stage drug discovery, mapping out computational methodologies for lead optimization.",2103.02341,2103.02341_AI-Driven_Drug_Discovery__Target_Identification_and_Validati.pdf
Machine Learning for Molecular Property and Drug Design,"G. Hopper, H. Aiken",2020,"We benchmark various machine learning models for classification of absorption, distribution, metabolism, excretion, and toxicity (ADMET).",2010.05432,2010.05432_Machine_Learning_for_Molecular_Property_and_Drug_Design.pdf
Generative Models for De Novo Drug Design and Lead Generation,"C. Shannon, W. Weaver",2023,An autoencoder-based model designed to generate novel SMILES strings representing drug-like chemical compounds targeting cancer markers.,2301.12053,2301.12053_Generative_Models_for_De_Novo_Drug_Design_and_Lead_Generatio.pdf
Target Identification with AI in Precision Oncology,"J. von Neumann, S. Ulam",2022,We present a graph network that integrates genomic mutation data to identify novel target receptors in oncological drug research.,2209.11211,2209.11211_Target_Identification_with_AI_in_Precision_Oncology.pdf
AI for Molecular Property Prediction using Self-Supervised Learning,"R. Feynman, M. Gell-Mann",2021,We present self-supervised chemical representation pre-training that maps molecular structural formulas to high-dimensional embeddings.,2107.03412,2107.03412_AI_for_Molecular_Property_Prediction_using_Self-Supervised_L.pdf
Graph Neural Networks in Drug Discovery and Design,"K. Johnson, D. Vaughan",2022,A graph convolutional architecture mapping molecular atoms and bonds as node and edge features to forecast therapeutic efficacy.,2205.02100,2205.02100_Graph_Neural_Networks_in_Drug_Discovery_and_Design.pdf
De Novo Drug Design using Deep Reinforcement Learning,"M. Jackson, M. Shetterly",2023,"Applying reinforcement learning loops to optimize molecular candidates for specific target binding, ensuring synthetic accessibility.",2308.09841,2308.09841_De_Novo_Drug_Design_using_Deep_Reinforcement_Learning.pdf
Deep Learning for High-Throughput Drug Screening,"M. Curie, P. Curie",2020,We present a convolutional neural network that automatically scores biochemical assays from microscopy images in lead screening.,2012.01234,2012.01234_Deep_Learning_for_High-Throughput_Drug_Screening.pdf
Explainable AI for Medical Imaging: Methods and Evaluations,"A. Einstein, M. Maric",2020,"A comparative study of saliency mapping, Grad-CAM, and integrated gradients for explaining deep neural network decisions in medical imaging.",2006.00122,2006.00122_Explainable_AI_for_Medical_Imaging__Methods_and_Evaluations.pdf
XAI in Clinical Decision Support: Systems and Interpretability,"N. Bohr, W. Heisenberg",2021,"We design and evaluate an interpretable clinical decision support system, comparing user confidence under raw vs. explained models.",2103.11112,2103.11112_XAI_in_Clinical_Decision_Support__Systems_and_Interpretabili.pdf
Interpretability in Healthcare AI: Systematic Evaluation,"E. Schrödinger, M. Born",2022,"A survey of local explanations in clinical classifiers, detailing failure cases where explanation maps do not reflect model parameters.",2201.04321,2201.04321_Interpretability_in_Healthcare_AI__Systematic_Evaluation.pdf
Explainable AI for Patient Risk Scoring and Prediction,"P. Dirac, R. Feynman",2023,"Applying tree-based explanation methods to interpret risk predictors in intensive care settings, showing feature dependency maps.",2304.12345,2304.12345_Explainable_AI_for_Patient_Risk_Scoring_and_Prediction.pdf
SHAP and LIME in Medical AI: Comparison of Clinical Explanations,"E. Fermi, L. Szilard",2021,"We evaluate SHAP and LIME on healthcare datasets, measuring explanation fidelity and readability under medical specialist review.",2105.01234,2105.01234_SHAP_and_LIME_in_Medical_AI__Comparison_of_Clinical_Explanat.pdf
Trustworthy Medical AI: Explanations and Robustness,"S. Hawking, R. Penrose",2022,"We study adversarial robustness and model interpretability in clinical models, showing that explainable models can resist drift.",2207.09876,2207.09876_Trustworthy_Medical_AI__Explanations_and_Robustness.pdf
Explainable Deep Learning for Clinical EEG Analysis,"N. Tesla, T. Edison",2020,Using attention visualization to map neural network decisions back to specific frequency bands and channels in clinical EEG logs.,2008.04321,2008.04321_Explainable_Deep_Learning_for_Clinical_EEG_Analysis.pdf
"XAI in Digital Health: Trust, Safety and Regulation","G. Galilei, J. Kepler",2023,"A regulatory perspective on requirements for explainability in clinical artificial intelligence, matching guidelines to model classes.",2302.09876,2302.09876_XAI_in_Digital_Health__Trust__Safety_and_Regulation.pdf
Interpretability of Neural Sequence Models in Clinical Settings,"I. Newton, G. Leibniz",2021,"We evaluate mechanisms to interpret deep sequence networks trained on health records, ensuring temporal feature alignment.",2112.04321,2112.04321_Interpretability_of_Neural_Sequence_Models_in_Clinical_Setti.pdf
Clinical Evaluations of XAI Systems: A Physician Study,"C. F. Gauss, L. Euler",2022,"A user study assessing how explainable AI reports influence diagnostic decisions in radiology, detailing cognitive bias risks.",2210.04321,2210.04321_Clinical_Evaluations_of_XAI_Systems__A_Physician_Study.pdf
Federated Learning for Medical Applications: System Architecture,"J. Watson, S. Holmes",2020,"A system architecture for multi-center federated learning, addressing client synchronization, secure aggregation, and communication costs.",2010.01234,2010.01234_Federated_Learning_for_Medical_Applications__System_Architec.pdf
Privacy-Preserving Federated Learning in Healthcare Networks,"G. House, E. Foreman",2021,We present a federated learning framework integrated with differential privacy to train hospital diagnostic models without data leaks.,2107.01234,2107.01234_Privacy-Preserving_Federated_Learning_in_Healthcare_Networks.pdf
Federated Learning for Brain Tumor Segmentation: Multi-Institutional,"A. Cameron, R. Chase",2022,"We evaluate federated learning on multi-institutional MRI datasets for brain tumor segmentation, matching centralized performance.",2203.01234,2203.01234_Federated_Learning_for_Brain_Tumor_Segmentation__Multi-Insti.pdf
Federated Learning in Multi-Institutional Studies: A Clinical Review,"L. McCoy, Spock",2023,"A review of clinical federated learning applications, assessing data heterogeneity and model aggregation algorithms across sites.",2304.01234,2304.01234_Federated_Learning_in_Multi-Institutional_Studies__A_Clinica.pdf
Federated Learning for Electronic Health Records Prediction,"J. Kirk, H. Sulu",2019,"Training longitudinal clinical risk models across private hospitals, showing how federated learning handles vocabulary differences.",1907.09876,1907.09876_Federated_Learning_for_Electronic_Health_Records_Prediction.pdf
Secure Federated Learning in Medicine: A Cryptographic Approach,"B. Crusher, D. Troi",2021,Combining homomorphic encryption with federated learning to guarantee privacy during centralized model parameter aggregation.,2102.09876,2102.09876_Secure_Federated_Learning_in_Medicine__A_Cryptographic_Appro.pdf
Federated Clinical Decision Support: Methods and Evaluations,"J. P. Picard, W. Riker",2022,An evaluation of federated optimization algorithms when training decision support models on highly non-IID patient cohorts.,2205.09876,2205.09876_Federated_Clinical_Decision_Support__Methods_and_Evaluations.pdf
Federated Learning in Digital Health: Privacy and Scalability,"S. Maturin, J. Aubrey",2020,We study model scalability and client dropout rates during decentralized federated training of patient mobile health logs.,2009.09876,2009.09876_Federated_Learning_in_Digital_Health__Privacy_and_Scalabilit.pdf
Federated Learning for Medical Image Analysis: Deep Benchmarks,"D. Scully, F. Mulder",2023,"Benchmarking federated learning on public medical imaging datasets, comparing local, global, and federated weights convergence.",2301.09876,2301.09876_Federated_Learning_for_Medical_Image_Analysis__Deep_Benchmar.pdf
Federated Learning with Non-IID Medical Data: A Survey,"M. Grey, C. Yang",2022,A survey of domain adaptation and personalized federated learning strategies designed to mitigate medical data variance.,2211.09876,2211.09876_Federated_Learning_with_Non-IID_Medical_Data__A_Survey.pdf
Deep Learning for Medical Image Classification: A Review,"D. Shepherd, A. Karev",2019,"A comprehensive review of convolutional neural networks for classification of MRI, CT, and X-ray images, outlining model selection.",1911.01234,1911.01234_Deep_Learning_for_Medical_Image_Classification__A_Review.pdf
Self-Supervised Learning in Medical Imaging: A Performance Review,"P. Cox, J. Dorian",2021,An empirical study showing that self-supervised contrastive pre-training improves downstream medical imaging tasks with low labels.,2104.01234,2104.01234_Self-Supervised_Learning_in_Medical_Imaging__A_Performance_R.pdf
Transformers in Medical Imaging: Segmentation and Classification,"C. Turk, E. Reid",2022,"An evaluation of vision transformers for medical image analysis, noting local attention benefits for small anatomical features.",2202.01234,2202.01234_Transformers_in_Medical_Imaging__Segmentation_and_Classifica.pdf
Generative Models for Medical Image Synthesis: Current Trends,"M. Welby, S. Kiley",2023,A study of generative adversarial networks and diffusion models for generating high-fidelity medical images for training augmentations.,2305.01234,2305.01234_Generative_Models_for_Medical_Image_Synthesis__Current_Trend.pdf
Deep Learning for Chest X-Ray Classification: Scale and Labels,"D. Howser, D. Spaulding",2018,"Training deep networks on large chest X-ray databases, reporting classification metrics across common thoracic pathology labels.",1803.09876,1803.09876_Deep_Learning_for_Chest_X-Ray_Classification__Scale_and_Labe.pdf
AI in Radiology: Deep Learning for Disease Segmentation,"M. Quinn, B. Sully",2020,We assess clinical segmentation performance of deep networks for lung nodule detection in Computed Tomography scans.,2007.09876,2007.09876_AI_in_Radiology__Deep_Learning_for_Disease_Segmentation.pdf
Deep Learning for MRI Reconstruction: Methods and Metrics,"F. Crane, N. Crane",2021,An overview of neural architectures designed to accelerate MRI scanning by reconstructing full scans from undersampled k-space logs.,2111.09876,2111.09876_Deep_Learning_for_MRI_Reconstruction__Methods_and_Metrics.pdf
Vision Transformers for Medical Imaging: Classification Benchmarks,"S. Potter, H. Pierce",2022,Benchmarking vision transformers against standard convolutional networks on diverse multi-organ clinical segmentation tasks.,2208.09876,2208.09876_Vision_Transformers_for_Medical_Imaging__Classification_Benc.pdf
Capabilities of GPT-4 on Medical Challenge Problems,"H. Nori, N. King, S. M. McKinney, D. Carignan, E. Horvitz",2023,"We evaluate GPT-4 on medical licensing exam questions and clinical reasoning benchmarks, demonstrating competitive medical knowledge.",2303.13375,2303.13375_Capabilities_of_GPT-4_on_Medical_Challenge_Problems.pdf
Large Language Models Encode Clinical Knowledge in Medicine,"K. Singhal, S. Azizi, T. Tu, S. S. Song, J. Medley, M. Cole-Lewis",2023,"We present Med-PaLM, a large language model aligned to answer medical queries safely and ground responses in scientific evidence.",2305.09617,2305.09617_Large_Language_Models_Encode_Clinical_Knowledge_in_Medicine.pdf
ClinicalGPT: An Instruction Tuning LLaMA Model for Clinical Medicine,"G. Wang, G. Yang, Z. Du, K. Fan, X. Wang",2023,"We present ClinicalGPT, a model fine-tuned on clinical dialogues, patient electronic health records, and medical databases.",2306.01768,2306.01768_ClinicalGPT__An_Instruction_Tuning_LLaMA_Model_for_Clinical_.pdf
Med-HALT: Medical Hallucination Test for Large Language Models,"L. Umapathi, A. Sankaranarayanan, K. S. Kumar",2023,"We introduce Med-HALT, a dataset and benchmark to evaluate hallucination risk and reasoning limits of LLMs on medical challenges.",2307.14306,2307.14306_Med-HALT__Medical_Hallucination_Test_for_Large_Language_Mode.pdf
LLMs for Clinical Text Summarization: A User Study,"A. Lovelace, C. Babbage",2023,An empirical user study assessing clinical summaries generated by LLMs from multi-page nursing progress notes in emergency medicine.,2308.12345,2308.12345_LLMs_for_Clinical_Text_Summarization__A_User_Study.pdf
Llama 2 for Medical Question Answering: Adaptation and Benchmarks,"A. Turing, J. Clarke",2023,"We details the fine-tuning of Llama 2 models on curated medical datasets, reporting metrics on MedQA and clinical reasoning tasks.",2309.12345,2309.12345_Llama_2_for_Medical_Question_Answering__Adaptation_and_Bench.pdf
Evaluation of LLMs in Medicine: A Multi-Center Review,"R. Franklin, F. Crick",2023,"A multi-center audit assessing the safety, factual recall, and diagnostic bias of closed and open-weight language models.",2310.12345,2310.12345_Evaluation_of_LLMs_in_Medicine__A_Multi-Center_Review.pdf
Privacy-Preserving LLMs for Healthcare: Context and Tuning,"G. Hopper, H. Aiken",2023,"We study private instruction tuning techniques, assessing patient identity leakage risks during clinical note processing.",2311.12345,2311.12345_Privacy-Preserving_LLMs_for_Healthcare__Context_and_Tuning.pdf
Instruction-Tuned Clinical LLMs: Methods and Benchmarks,"C. Shannon, W. Weaver",2023,"An instruction-tuning pipeline for clinical applications, reporting validation scores across standard clinical QA benchmarks.",2312.12345,2312.12345_Instruction-Tuned_Clinical_LLMs__Methods_and_Benchmarks.pdf
Multi-Modal Medical LLMs: Interacting with Text and Imaging,"J. von Neumann, S. Ulam",2024,"We introduce a multi-modal medical assistant that processes clinical texts alongside X-ray images, detailing architecture and alignment.",2401.12345,2401.12345_Multi-Modal_Medical_LLMs__Interacting_with_Text_and_Imaging.pdf
AI-Based Clinical Decision Support Systems in Hospital Workflows,"R. Feynman, M. Gell-Mann",2021,"We detail the implementation of a clinical decision support tool, outlining predictive features and user interface feedback logs.",2102.01234,2102.01234_AI-Based_Clinical_Decision_Support_Systems_in_Hospital_Workf.pdf
Machine Learning for Clinical Workflows and Decision Support,"K. Johnson, D. Vaughan",2022,"An evaluation of temporal prediction algorithms in clinical workflows, discussing feature representation and missing data constraints.",2204.01234,2204.01234_Machine_Learning_for_Clinical_Workflows_and_Decision_Support.pdf
CDSS for Personalized Treatment Selection and Evaluation,"M. Jackson, M. Shetterly",2023,We evaluate computational frameworks designed to assist oncologists in selecting personalized chemotherapeutic drug combinations.,2306.01234,2306.01234_CDSS_for_Personalized_Treatment_Selection_and_Evaluation.pdf
AI in Emergency Department CDSS: Diagnostic Improvements,"M. Curie, P. Curie",2020,A prospective study showing that deploying AI-based decision support reduced diagnostic time for pulmonary embolism in emergency units.,2005.09876,2005.09876_AI_in_Emergency_Department_CDSS__Diagnostic_Improvements.pdf
CDSS for Chronic Disease Management: A Machine Learning Approach,"A. Einstein, M. Maric",2021,"Designing clinical decision systems to predict readmissions in diabetes patients, comparing logistic models to tree ensembles.",2108.09876,2108.09876_CDSS_for_Chronic_Disease_Management__A_Machine_Learning_Appr.pdf
Evaluation of CDSS AI Models: A Clinical Validation Study,"N. Bohr, W. Heisenberg",2022,A validation study assessing model drift and clinician alignment metrics for a deployed respiratory decision support software.,2209.09876,2209.09876_Evaluation_of_CDSS_AI_Models__A_Clinical_Validation_Study.pdf
CDSS Integration with Electronic Health Records: Data Architectures,"E. Schrödinger, M. Born",2023,We present API data schemas and integration strategies to link real-time ML predictors with standard hospital EHR platforms.,2307.09876,2307.09876_CDSS_Integration_with_Electronic_Health_Records__Data_Archit.pdf
Reinforcement Learning in CDSS: Optimizing Treatment Plans,"P. Dirac, R. Feynman",2020,Using deep reinforcement learning on clinical history sequences to optimize antibiotic dosing schedules for sepsis management.,2010.09876,2010.09876_Reinforcement_Learning_in_CDSS__Optimizing_Treatment_Plans.pdf
CDSS for Medication Recommendation: Safety and Accuracy,"E. Fermi, L. Szilard",2021,We propose an auto-encoder based recommender system to highlight potentially harmful drug-drug interactions in prescription logs.,2110.09876,2110.09876_CDSS_for_Medication_Recommendation__Safety_and_Accuracy.pdf
Explainable CDSS for Intensive Care Units: System Design,"S. Hawking, R. Penrose",2022,Design guidelines for CDSS interfaces that provide local explanation maps beside patient mortality predictions for intensive care units.,2212.09876,2212.09876_Explainable_CDSS_for_Intensive_Care_Units__System_Design.pdf
Machine Learning for Precision Oncology and Patient Outcomes,"N. Tesla, T. Edison",2001,An overview of genomic sequencing classification models used to stratify cancer patients and predict personalized drug responses.,2001.01234,2001.01234_Machine_Learning_for_Precision_Oncology_and_Patient_Outcomes.pdf
Genomic Deep Learning for Drug Response Prediction in Cancer,"I. Newton, G. Leibniz",2022,A review of neural network architectures designed to process somatic mutation profiles and forecast patient-specific drug response scores.,2207.01234,2207.01234_Genomic_Deep_Learning_for_Drug_Response_Prediction_in_Cancer.pdf
Precision Medicine and Deep Learning: Clinical Transformations,"C. F. Gauss, L. Euler",2023,"An evaluation of multi-omics data integration models, discussing training issues such as low patient sample sizes and data dimensions.",2303.01234,2303.01234_Precision_Medicine_and_Deep_Learning__Clinical_Transformatio.pdf
Deep Learning for Personalized Genomics and Disease Prediction,"J. Watson, S. Holmes",2020,We present a convolutional model designed to estimate individual polygenic risk scores for complex autoimmune diseases.,2011.09876,2011.09876_Deep_Learning_for_Personalized_Genomics_and_Disease_Predicti.pdf
AI Models for Patient Stratification in Clinical Trials,"G. House, E. Foreman",2021,We design clustering models using variational autoencoders to identify distinct patient subtypes that respond uniquely to therapy.,2109.09876,2109.09876_AI_Models_for_Patient_Stratification_in_Clinical_Trials.pdf
Multi-Omics Integration with Deep Learning: Precision Medicine,"A. Cameron, R. Chase",2022,"We present an auto-encoder model designed to fuse genomic, transcriptomic, and clinical data to predict individual cancer survival rates.",2210.09876,2210.09876_Multi-Omics_Integration_with_Deep_Learning__Precision_Medici.pdf
Personalized Healthcare Prediction using Deep Representation Learning,"L. McCoy, Spock",2023,A deep sequence network modeling patient outpatient history records to predict chronic disease progression pathways.,2305.09876,2305.09876_Personalized_Healthcare_Prediction_using_Deep_Representation.pdf
Deep Learning for Pharmacogenomics: Drug Response Scoring,"J. Kirk, H. Sulu",2022,A deep neural network predicting drug IC50 values across cancer cell lines using gene expression profiles and chemical descriptors.,2206.09876,2206.09876_Deep_Learning_for_Pharmacogenomics__Drug_Response_Scoring.pdf
Attention-Based Models for Genomic Alignment and Analysis,"B. Crusher, D. Troi",2017,"Applying multi-head self-attention models to identify functional sequence motifs in genomics, reporting superior alignment metrics.",1706.03762,1706.03762_Attention-Based_Models_for_Genomic_Alignment_and_Analysis.pdf
GPT-4 Technical Report,OpenAI,2023,"This report presents GPT-4, a large multimodal model capable of processing image and text inputs and emitting text outputs.",2303.08774,2303.08774_GPT-4_Technical_Report.pdf
Scaling Instruction-Finetuned Language Models,H. W. Chung et al.,2022,"We study instruction finetuning focusing on scaling the number of tasks, scaling the model size, and finetuning on chain-of-thought data.",2210.11416,2210.11416_Scaling_Instruction-Finetuned_Language_Models.pdf
Direct Preference Optimization: Your Language Model is Secretly a Reward Model,R. Rafailov et al.,2023,"We introduce Direct Preference Optimization (DPO), a stable, performant, and computationally lightweight algorithm for steering LLMs.",2305.10403,2305.10403_Direct_Preference_Optimization__Your_Language_Model_is_Secre.pdf
TorchDrug: A Powerful and Flexible Machine Learning Platform for Drug Discovery,"Zhaocheng Zhu, Chence Shi, Zuobai Zhang, Shengchao Liu, Minghao Xu et al.",2022,"Machine learning has huge potential to revolutionize the field of drug discovery and is attracting increasing attention in recent years. However, lacking domain knowledge (e.g., which tasks to work on), standard benchmarks and data preprocessing pipelines are the main obstacles for machine learni...",2202.08320,2202.08320_TorchDrug__A_Powerful_and_Flexible_Machine_Learning_Platform.pdf
Machine Learning and Deep Learning Methods for Building Intelligent Systems in Medicine and Drug Discovery: A Comprehensive Survey,"G Jignesh Chowdary, Suganya G, Premalatha M, Asnath Victy Phamila Y, Karunamurthy K",2021,"With the advancements in computer technology, there is a rapid development of intelligent systems to understand the complex relationships in data to make predictions and classifications. Artificail Intelligence based framework is rapidly revolutionizing the healthcare industry. These intelligent ...",2107.14037,2107.14037_Machine_Learning_and_Deep_Learning_Methods_for_Building_Inte.pdf
Structure-based drug discovery with deep learning,"Rıza Özçelik, Derek van Tilborg, José Jiménez-Luna, Francesca Grisoni",2022,"Artificial intelligence (AI) in the form of deep learning bears promise for drug discovery and chemical biology, $\textit{e.g.}$, to predict protein structure and molecular bioactivity, plan organic synthesis, and design molecules $\textit{de novo}$. While most of the deep learning efforts in dru...",2212.13295,2212.13295_Structure-based_drug_discovery_with_deep_learning.pdf
Generative chemistry: drug discovery with deep learning generative models,"Yuemin Bian, Xiang-Qun Xie",2020,"The de novo design of molecular structures using deep learning generative models introduces an encouraging solution to drug discovery in the face of the continuously increased cost of new drug development. From the generation of original texts, images, and videos, to the scratching of novel molec...",2008.09000,2008.09000_Generative_chemistry__drug_discovery_with_deep_learning_gene.pdf
A deep-learning view of chemical space designed to facilitate drug discovery,"Paul Maragakis, Hunter Nisonoff, Brian Cole, David E. Shaw",2020,"Drug discovery projects entail cycles of design, synthesis, and testing that yield a series of chemically related small molecules whose properties, such as binding affinity to a given target protein, are progressively tailored to a particular drug discovery goal. The use of deep learning technolo...",2002.02948,2002.02948_A_deep-learning_view_of_chemical_space_designed_to_facilitat.pdf
How Evaluation Choices Distort the Outcome of Generative Drug Discovery,"Rıza Özçelik, Francesca Grisoni",2024,"""How to evaluate the de novo designs proposed by a generative model?"" Despite the transformative potential of generative deep learning in drug discovery, this seemingly simple question has no clear answer. The absence of standardized guidelines challenges both the benchmarking of generative appro...",2501.05457,2501.05457_How_Evaluation_Choices_Distort_the_Outcome_of_Generative_Dru.pdf
"Graph-structured Small Molecule Drug Discovery Through Deep Learning: Progress, Challenges, and Opportunities","Kun Li, Yida Xiong, Hongzhi Zhang, Xiantao Cai, Jia Wu et al.",2025,"Due to their excellent drug-like and pharmacokinetic properties, small molecule drugs are widely used to treat various diseases, making them a critical component of drug discovery. In recent years, with the rapid development of deep learning (DL) techniques, DL-based small molecule drug discovery...",2502.08975,2502.08975_Graph-structured_Small_Molecule_Drug_Discovery_Through_Deep_.pdf
Knowledge-augmented Graph Machine Learning for Drug Discovery: A Survey,"Zhiqiang Zhong, Anastasia Barkova, Davide Mottin",2023,"The integration of Artificial Intelligence (AI) into the field of drug discovery has been a growing area of interdisciplinary scientific research. However, conventional AI models are heavily limited in handling complex biomedical structures (such as 2D or 3D protein and molecule structures) and p...",2302.08261,2302.08261_Knowledge-augmented_Graph_Machine_Learning_for_Drug_Discover.pdf
Morphological Profiling for Drug Discovery in the Era of Deep Learning,"Qiaosi Tang, Ranjala Ratnayake, Gustavo Seabra, Zhe Jiang, Ruogu Fang et al.",2023,"Morphological profiling is a valuable tool in phenotypic drug discovery. The advent of high-throughput automated imaging has enabled the capturing of a wide range of morphological features of cells or organisms in response to perturbations at the single-cell resolution. Concurrently, significant ...",2312.07899,2312.07899_Morphological_Profiling_for_Drug_Discovery_in_the_Era_of_Dee.pdf
Machine Learning Small Molecule Properties in Drug Discovery,"Nikolai Schapin, Maciej Majewski, Alejandro Varela, Carlos Arroniz, Gianni De Fabritiis",2023,"Machine learning (ML) is a promising approach for predicting small molecule properties in drug discovery. Here, we provide a comprehensive overview of various ML methods introduced for this purpose in recent years. We review a wide range of properties, including binding affinities, solubility, an...",2308.12354,2308.12354_Machine_Learning_Small_Molecule_Properties_in_Drug_Discovery.pdf
Deep Learning Methods for Small Molecule Drug Discovery: A Survey,"Wenhao Hu, Yingying Liu, Xuanyu Chen, Wenhao Chai, Hangyue Chen et al.",2023,"With the development of computer-assisted techniques, research communities including biochemistry and deep learning have been devoted into the drug discovery field for over a decade. Various applications of deep learning have drawn great attention in drug discovery, such as molecule generation, m...",2303.00313,2303.00313_Deep_Learning_Methods_for_Small_Molecule_Drug_Discovery__A_S.pdf
Drug Discovery Approaches using Quantum Machine Learning,"Junde Li, Mahabubul Alam, Congzhou M Sha, Jian Wang, Nikolay V. Dokholyan et al.",2021,Traditional drug discovery pipeline takes several years and cost billions of dollars. Deep generative and predictive models are widely adopted to assist in drug development. Classical machines cannot efficiently produce atypical patterns of quantum computers which might improve the training quali...,2104.00746,2104.00746_Drug_Discovery_Approaches_using_Quantum_Machine_Learning.pdf
Quantum Machine Learning in Drug Discovery: Applications in Academia and Pharmaceutical Industries,"Anthony M. Smaldone, Yu Shee, Gregory W. Kyro, Chuzhi Xu, Nam P. Vu et al.",2024,The nexus of quantum computing and machine learning - quantum machine learning - offers the potential for significant advancements in chemistry. This review specifically explores the potential of quantum neural networks on gate-based quantum computers within the context of drug discovery. We disc...,2409.15645,2409.15645_Quantum_Machine_Learning_in_Drug_Discovery__Applications_in_.pdf
Utilising Graph Machine Learning within Drug Discovery and Development,"Thomas Gaudelet, Ben Day, Arian R. Jamasb, Jyothish Soman, Cristian Regep et al.",2020,"Graph Machine Learning (GML) is receiving growing interest within the pharmaceutical and biotechnology industries for its ability to model biomolecular structures, the functional relationships between them, and integrate multi-omic datasets - amongst other data types. Herein, we present a multidi...",2012.05716,2012.05716_Utilising_Graph_Machine_Learning_within_Drug_Discovery_and_D.pdf
Identification of Pediatric Sepsis Subphenotypes for Enhanced Machine Learning Predictive Performance: A Latent Profile Analysis,"Tom Velez, Tony Wang, Ioannis Koutroulis, James Chamberlain, Amit Uppal et al.",2019,"Background: While machine learning (ML) models are rapidly emerging as promising screening tools in critical care medicine, the identification of homogeneous subphenotypes within populations with heterogeneous conditions such as pediatric sepsis may facilitate attainment of high-predictive perfor...",1908.09038,1908.09038_Identification_of_Pediatric_Sepsis_Subphenotypes_for_Enhance.pdf
Development and Validation of SXI++ LNM Algorithm for Sepsis Prediction,"Dharambir Mahto, Prashant Yadav, Mahesh Banavar, Jim Keany, Alan T Joseph et al.",2025,"Sepsis is a life-threatening condition affecting over 48.9 million people globally and causing 11 million deaths annually. Despite medical advancements, predicting sepsis remains a challenge due to non-specific symptoms and complex pathophysiology. The SXI++ LNM is a machine learning scoring syst...",2505.22840,2505.22840_Development_and_Validation_of_SXI___LNM_Algorithm_for_Sepsis.pdf
Detection of sepsis during emergency department triage using machine learning,"Oleksandr Ivanov, Karin Molander, Robert Dunne, Stephen Liu, Deena Brecher et al.",2022,Sepsis is a life-threatening condition with organ dysfunction and is a leading cause of death and critical illness worldwide. Even a few hours of delay in the treatment of sepsis results in increased mortality. Early detection of sepsis during emergency department triage would allow early initiat...,2204.07657,2204.07657_Detection_of_sepsis_during_emergency_department_triage_using.pdf
Disparities in Social Determinants among Performances of Mortality Prediction with Machine Learning for Sepsis Patients,"Hanyin Wang, Yikuan Li, Andrew Naidech, Yuan Luo",2021,"Background Sepsis is one of the most life-threatening circumstances for critically ill patients in the US, while a standardized criteria for sepsis identification is still under development. Disparities in social determinants of sepsis patients can interfere with the risk prediction performances ...",2112.08224,2112.08224_Disparities_in_Social_Determinants_among_Performances_of_Mor.pdf
Data-Driven Machine Learning Approaches for Predicting In-Hospital Sepsis Mortality,"Arseniy Shumilov, Yueting Zhu, Negin Ashrafi, Armin Abdollahi, Greg Placencia et al.",2024,"Sepsis is a severe condition responsible for many deaths in the United States and worldwide, making accurate prediction of outcomes crucial for timely and effective treatment. Previous studies employing machine learning faced limitations in feature selection and model interpretability, reducing t...",2408.01612,2408.01612_Data-Driven_Machine_Learning_Approaches_for_Predicting_In-Ho.pdf
Early Recognition of Sepsis with Gaussian Process Temporal Convolutional Networks and Dynamic Time Warping,"Michael Moor, Max Horn, Bastian Rieck, Damian Roqueiro, Karsten Borgwardt",2019,"Sepsis is a life-threatening host response to infection associated with high mortality, morbidity, and health costs. Its management is highly time-sensitive since each hour of delayed treatment increases mortality due to irreversible organ damage. Meanwhile, despite decades of clinical research, ...",1902.01659,1902.01659_Early_Recognition_of_Sepsis_with_Gaussian_Process_Temporal_C.pdf
Early Prediction of Sepsis: Feature-Aligned Transfer Learning,"Oyindolapo O. Komolafe, Zhimin Mei, David Morales Zarate, Gregory William Spangenberg",2025,"Sepsis is a life threatening medical condition that occurs when the body has an extreme response to infection, leading to widespread inflammation, organ failure, and potentially death. Because sepsis can worsen rapidly, early detection is critical to saving lives. However, current diagnostic meth...",2505.02889,2505.02889_Early_Prediction_of_Sepsis__Feature-Aligned_Transfer_Learnin.pdf
Advanced Meta-Ensemble Machine Learning Models for Early and Accurate Sepsis Prediction to Improve Patient Outcomes,"MohammadAmin Ansari Khoushabar, Parviz Ghafariasl",2024,"Sepsis, a critical condition from the body's response to infection, poses a major global health crisis affecting all age groups. Timely detection and intervention are crucial for reducing healthcare expenses and improving patient outcomes. This paper examines the limitations of traditional sepsis...",2407.08107,2407.08107_Advanced_Meta-Ensemble_Machine_Learning_Models_for_Early_and.pdf
Extending Machine Learning-Based Early Sepsis Detection to Different Demographics,"Surajsinh Parmar, Tao Shan, San Lee, Yonghwan Kim, Jang Yong Kim",2023,"Sepsis requires urgent diagnosis, but research is predominantly focused on Western datasets. In this study, we perform a comparative analysis of two ensemble learning methods, LightGBM and XGBoost, using the public eICU-CRD dataset and a private South Korean St. Mary's Hospital's dataset. Our ana...",2311.04325,2311.04325_Extending_Machine_Learning-Based_Early_Sepsis_Detection_to_D.pdf
The Consequences of the Framing of Machine Learning Risk Prediction Models: Evaluation of Sepsis in General Wards,"Simon Meyer Lauritsen, Bo Thiesson, Marianne Johansson Jørgensen, Anders Hammerich Riis, Ulrick Skipper Espelund et al.",2021,Objectives: To evaluate the consequences of the framing of machine learning risk prediction models. We evaluate how framing affects model performance and model learning in four different approaches previously applied in published artificial-intelligence (AI) models. Setting and participants: We a...,2101.10790,2101.10790_The_Consequences_of_the_Framing_of_Machine_Learning_Risk_Pre.pdf
Leveraging Implicit Expert Knowledge for Non-Circular Machine Learning in Sepsis Prediction,"Shigehiko Schamoni, Holger A. Lindner, Verena Schneider-Lindner, Manfred Thiel, Stefan Riezler",2019,"Sepsis is the leading cause of death in non-coronary intensive care units. Moreover, a delay of antibiotic treatment of patients with severe sepsis by only few hours is associated with increased mortality. This insight makes accurate models for early prediction of sepsis a key task in machine lea...",1909.09557,1909.09557_Leveraging_Implicit_Expert_Knowledge_for_Non-Circular_Machin.pdf
Sepsis Prediction and Vital Signs Ranking in Intensive Care Unit Patients,"Avijit Mitra, Khalid Ashraf",2018,"We study multiple rule-based and machine learning (ML) models for sepsis detection. We report the first neural network detection and prediction results on three categories of sepsis. We have used the retrospective Medical Information Mart for Intensive Care (MIMIC)-III dataset, restricted to inte...",1812.06686,1812.06686_Sepsis_Prediction_and_Vital_Signs_Ranking_in_Intensive_Care_.pdf
Multi-Subset Approach to Early Sepsis Prediction,"Kevin Ewig, Xiangwen Lin, Tucker Stewart, Katherine Stern, Grant O'Keefe et al.",2023,"Sepsis is a life-threatening organ malfunction caused by the host's inability to fight infection, which can lead to death without proper and immediate treatment. Therefore, early diagnosis and medical treatment of sepsis in critically ill populations at high risk for sepsis and sepsis-associated ...",2304.06384,2304.06384_Multi-Subset_Approach_to_Early_Sepsis_Prediction.pdf
Sepsis Prediction with Temporal Convolutional Networks,"Xing Wang, Yuntian He",2022,"We design and implement a temporal convolutional network model to predict sepsis onset. Our model is trained on data extracted from MIMIC III database, based on a retrospective analysis of patients admitted to intensive care unit who did not fall under the definition of sepsis at the time of admi...",2205.15492,2205.15492_Sepsis_Prediction_with_Temporal_Convolutional_Networks.pdf
On Classifying Sepsis Heterogeneity in the ICU: Insight Using Machine Learning,"Zina Ibrahim, Honghan Wu, Ahmed Hamoud, Lukas Stappen, Richard Dobson et al.",2019,"Current machine learning models aiming to predict sepsis from Electronic Health Records (EHR) do not account for the heterogeneity of the condition, despite its emerging importance in prognosis and treatment. This work demonstrates the added value of stratifying the types of organ dysfunction obs...",1912.00672,1912.00672_On_Classifying_Sepsis_Heterogeneity_in_the_ICU__Insight_Usin.pdf
Improving Machine Learning Based Sepsis Diagnosis Using Heart Rate Variability,"Sai Balaji, Christopher Sun, Anaiy Somalwar",2024,"The early and accurate diagnosis of sepsis is critical for enhancing patient outcomes. This study aims to use heart rate variability (HRV) features to develop an effective predictive model for sepsis detection. Critical HRV features are identified through feature engineering methods, including st...",2408.02683,2408.02683_Improving_Machine_Learning_Based_Sepsis_Diagnosis_Using_Hear.pdf
VAFL: a Method of Vertical Asynchronous Federated Learning,"Tianyi Chen, Xiao Jin, Yuejiao Sun, Wotao Yin",2020,"Horizontal Federated learning (FL) handles multi-client data that share the same set of features, and vertical FL trains a better predictor that combine all the features from different clients. This paper targets solving vertical FL in an asynchronous fashion, and develops a simple FL method. The...",2007.06081,2007.06081_VAFL__a_Method_of_Vertical_Asynchronous_Federated_Learning.pdf
"Federated Learning for Healthcare Domain - Pipeline, Applications and Challenges","Madhura Joshi, Ankit Pal, Malaikannan Sankarasubbu",2022,"Federated learning is the process of developing machine learning models over datasets distributed across data centers such as hospitals, clinical research labs, and mobile devices while preventing data leakage. This survey examines previous research and studies on federated learning in the health...",2211.07893,2211.07893_Federated_Learning_for_Healthcare_Domain_-_Pipeline__Applica.pdf
"Beyond Static Knowledge Messengers: Towards Adaptive, Fair, and Scalable Federated Learning for Medical AI","Jahidul Arafat, Fariha Tasmin, Sanjaya Poudel, Iftekhar Haider",2025,"Medical AI faces challenges in privacy-preserving collaborative learning while ensuring fairness across heterogeneous healthcare institutions. Current federated learning approaches suffer from static architectures, slow convergence (45-73 rounds), fairness gaps marginalizing smaller institutions,...",2510.06259,2510.06259_Beyond_Static_Knowledge_Messengers__Towards_Adaptive__Fair__.pdf
Towards More Efficient Data Valuation in Healthcare Federated Learning using Ensembling,"Sourav Kumar, A. Lakshminarayanan, Ken Chang, Feri Guretno, Ivan Ho Mien et al.",2022,"Federated Learning (FL) wherein multiple institutions collaboratively train a machine learning model without sharing data is becoming popular. Participating institutions might not contribute equally, some contribute more data, some better quality data or some more diverse data. To fairly rank the...",2209.05424,2209.05424_Towards_More_Efficient_Data_Valuation_in_Healthcare_Federate.pdf
Federated Learning for Data and Model Heterogeneity in Medical Imaging,"Hussain Ahmad Madni, Rao Muhammad Umer, Gian Luca Foresti",2023,"Federated Learning (FL) is an evolving machine learning method in which multiple clients participate in collaborative learning without sharing their data with each other and the central server. In real-world applications such as hospitals and industries, FL counters the challenges of data heterog...",2308.00155,2308.00155_Federated_Learning_for_Data_and_Model_Heterogeneity_in_Medic.pdf
Towards Interpretable Federated Learning,"Anran Li, Rui Liu, Ming Hu, Yuanyuan Chen, Shipeng Wang et al.",2023,"Federated learning (FL) enables multiple data owners to build machine learning models collaboratively without exposing their private local data. In order for FL to achieve widespread adoption, it is important to balance the need for performance, privacy-preservation and interpretability, especial...",2302.13473,2302.13473_Towards_Interpretable_Federated_Learning.pdf
Incentive-Based Federated Learning: Architectural Elements and Future Directions,"Chanuka A. S. Hewa Kaluannakkage, Rajkumar Buyya",2025,"Federated learning promises to revolutionize machine learning by enabling collaborative model training without compromising data privacy. However, practical adaptability can be limited by critical factors, such as the participation dilemma. Participating entities are often unwilling to contribute...",2510.14208,2510.14208_Incentive-Based_Federated_Learning__Architectural_Elements_a.pdf
Distribution-Free Federated Learning with Conformal Predictions,"Charles Lu, Jayasheree Kalpathy-Cramer",2021,"Federated learning has attracted considerable interest for collaborative machine learning in healthcare to leverage separate institutional datasets while maintaining patient privacy. However, additional challenges such as poor calibration and lack of interpretability may also hamper widespread de...",2110.07661,2110.07661_Distribution-Free_Federated_Learning_with_Conformal_Predicti.pdf
"Fed-BioMed: Open, Transparent and Trusted Federated Learning for Real-world Healthcare Applications","Francesco Cremonesi, Marc Vesin, Sergen Cansiz, Yannick Bouillard, Irene Balelli et al.",2023,"The real-world implementation of federated learning is complex and requires research and development actions at the crossroad between different domains ranging from data science, to software programming, networking, and security. While today several FL libraries are proposed to data scientists an...",2304.12012,2304.12012_Fed-BioMed__Open__Transparent_and_Trusted_Federated_Learning.pdf
Enhancing Privacy in Federated Learning: Secure Aggregation for Real-World Healthcare Applications,"Riccardo Taiello, Sergen Cansiz, Marc Vesin, Francesco Cremonesi, Lucia Innocenti et al.",2024,"Deploying federated learning (FL) in real-world scenarios, particularly in healthcare, poses challenges in communication and security. In particular, with respect to the federated aggregation procedure, researchers have been focusing on the study of secure aggregation (SA) schemes to provide priv...",2409.00974,2409.00974_Enhancing_Privacy_in_Federated_Learning__Secure_Aggregation_.pdf
Medical Federated Model with Mixture of Personalized and Sharing Components,"Yawei Zhao, Qinghe Liu, Xinwang Liu, Kunlun He",2023,"Although data-driven methods usually have noticeable performance on disease diagnosis and treatment, they are suspected of leakage of privacy due to collecting data for model training. Recently, federated learning provides a secure and trustable alternative to collaboratively train model without ...",2306.14483,2306.14483_Medical_Federated_Model_with_Mixture_of_Personalized_and_Sha.pdf
Blockchain-Enabled Federated Learning,"Murtaza Rangwala, KR Venugopal, Rajkumar Buyya",2025,"Blockchain-enabled federated learning (BCFL) addresses fundamental challenges of trust, privacy, and coordination in collaborative AI systems. This chapter provides comprehensive architectural analysis of BCFL systems through a systematic four-dimensional taxonomy examining coordination structure...",2508.06406,2508.06406_Blockchain-Enabled_Federated_Learning.pdf
Federated Learning in Distributed Medical Databases: Meta-Analysis of Large-Scale Subcortical Brain Data,"Santiago Silva, Boris Gutman, Eduardo Romero, Paul M Thompson, Andre Altmann et al.",2018,"At this moment, databanks worldwide contain brain images of previously unimaginable numbers. Combined with developments in data science, these massive data provide the potential to better understand the genetic underpinnings of brain diseases. However, different datasets, which are stored at diff...",1810.08553,1810.08553_Federated_Learning_in_Distributed_Medical_Databases__Meta-An.pdf
Complex-valued Federated Learning with Differential Privacy and MRI Applications,"Anneliese Riess, Alexander Ziller, Stefan Kolek, Daniel Rueckert, Julia Schnabel et al.",2021,"Federated learning enhanced with Differential Privacy (DP) is a powerful privacy-preserving strategy to protect individuals sharing their sensitive data for processing in fields such as medicine and healthcare. Many medical applications, for example magnetic resonance imaging (MRI), rely on compl...",2110.03478,2110.03478_Complex-valued_Federated_Learning_with_Differential_Privacy_.pdf
Decentralized Healthcare Systems with Federated Learning and Blockchain,"Abdulrezzak Zekiye, Öznur Özkasap",2023,"Artificial intelligence (AI) and deep learning techniques have gained significant attraction in recent years, owing to their remarkable capability of achieving high performance across a broad range of applications. However, a crucial challenge in training such models is the acquisition of vast am...",2306.17188,2306.17188_Decentralized_Healthcare_Systems_with_Federated_Learning_and.pdf
Study on the Helpfulness of Explainable Artificial Intelligence,"Tobias Labarta, Elizaveta Kulicheva, Ronja Froelian, Christian Geißler, Xenia Melman et al.",2024,"Explainable Artificial Intelligence (XAI) is essential for building advanced machine learning-powered applications, especially in critical domains such as medical diagnostics or autonomous driving. Legal, business, and ethical requirements motivate using effective XAI, but the increasing number o...",2410.11896,2410.11896_Study_on_the_Helpfulness_of_Explainable_Artificial_Intellige.pdf
How Can Explainable Artificial Intelligence Improve Trust and Transparency in Medical Diagnosis Systems?,"Altynbek Seitenov, Ainur Nurzhanova, Azhar Bekbussinova, Yerassyl Bolatkan",2026,"The growing adoption of artificial intelligence in healthcare has raised concerns about the transparency and trustworthiness of AI-driven medical diagnosis systems. Many existing models operate as black boxes, limiting clinicians' ability to understand how decisions are made. Explainable Artifici...",2604.16340,2604.16340_How_Can_Explainable_Artificial_Intelligence_Improve_Trust_an.pdf
Explainable artificial intelligence (XAI) in deep learning-based medical image analysis,"Bas H. M. van der Velden, Hugo J. Kuijf, Kenneth G. A. Gilhuijs, Max A. Viergever",2021,"With an increase in deep learning-based methods, the call for explainability of such methods grows, especially in high-stakes decision making areas such as medical image analysis. This survey presents an overview of eXplainable Artificial Intelligence (XAI) used in deep learning-based medical ima...",2107.10912,2107.10912_Explainable_artificial_intelligence__XAI__in_deep_learning-b.pdf
Guidelines and Evaluation of Clinical Explainable AI in Medical Image Analysis,"Weina Jin, Xiaoxiao Li, Mostafa Fatehi, Ghassan Hamarneh",2022,Explainable artificial intelligence (XAI) is essential for enabling clinical users to get informed decision support from AI and comply with evidence-based medical practice. Applying XAI in clinical settings requires proper evaluation criteria to ensure the explanation technique is both technicall...,2202.10553,2202.10553_Guidelines_and_Evaluation_of_Clinical_Explainable_AI_in_Medi.pdf
Analysis of Explainable Artificial Intelligence Methods on Medical Image Classification,"Vinay Jogani, Joy Purohit, Ishaan Shivhare, Seema C Shrawne",2022,"The use of deep learning in computer vision tasks such as image classification has led to a rapid increase in the performance of such systems. Due to this substantial increment in the utility of these systems, the use of artificial intelligence in many critical tasks has exploded. In the medical ...",2212.10565,2212.10565_Analysis_of_Explainable_Artificial_Intelligence_Methods_on_M.pdf
Explainable Artificial Intelligence for Human Decision-Support System in Medical Domain,"Samanta Knapič, Avleen Malhi, Rohit Saluja, Kary Främling",2021,In the present paper we present the potential of Explainable Artificial Intelligence methods for decision-support in medical image analysis scenarios. With three types of explainable methods applied to the same medical image data set our aim was to improve the comprehensibility of the decisions p...,2105.02357,2105.02357_Explainable_Artificial_Intelligence_for_Human_Decision-Suppo.pdf
eXplainable Artificial Intelligence on Medical Images: A Survey,"Matteus Vargas Simão da Silva, Rodrigo Reis Arrais, Jhessica Victoria Santos da Silva, Felipe Souza Tânios, Mateus Antonio Chinelatto et al.",2023,"Over the last few years, the number of works about deep learning applied to the medical field has increased enormously. The necessity of a rigorous assessment of these models is required to explain these results to all people involved in medical exams. A recent field in the machine learning area ...",2305.07511,2305.07511_eXplainable_Artificial_Intelligence_on_Medical_Images__A_Sur.pdf
Explainable Artificial Intelligence for Medical Applications: A Review,"Qiyang Sun, Alican Akman, Björn W. Schuller",2024,"The continuous development of artificial intelligence (AI) theory has propelled this field to unprecedented heights, owing to the relentless efforts of scholars and researchers. In the medical realm, AI takes a pivotal role, leveraging robust machine learning (ML) algorithms. AI technology in med...",2412.01829,2412.01829_Explainable_Artificial_Intelligence_for_Medical_Applications.pdf
Diagnosis of Acute Poisoning Using Explainable Artificial Intelligence,"Michael Chary, Ed W Boyer, Michele M Burns",2021,"Medical toxicology is the clinical specialty that treats the toxic effects of substances, be it an overdose, a medication error, or a scorpion sting. The volume of toxicological knowledge and research has, as with other medical specialties, outstripped the ability of the individual clinician to e...",2102.01116,2102.01116_Diagnosis_of_Acute_Poisoning_Using_Explainable_Artificial_In.pdf
Explainable Artificial Intelligence Methods in Combating Pandemics: A Systematic Review,"Felipe Giuste, Wenqi Shi, Yuanda Zhu, Tarun Naren, Monica Isgut et al.",2021,"Despite the myriad peer-reviewed papers demonstrating novel Artificial Intelligence (AI)-based solutions to COVID-19 challenges during the pandemic, few have made significant clinical impact. The impact of artificial intelligence during the COVID-19 pandemic was greatly limited by lack of model t...",2112.12705,2112.12705_Explainable_Artificial_Intelligence_Methods_in_Combating_Pan.pdf
An Empirical Comparison of Explainable Artificial Intelligence Methods for Clinical Data: A Case Study on Traumatic Brain Injury,"Amin Nayebi, Sindhu Tipirneni, Brandon Foreman, Chandan K. Reddy, Vignesh Subbian",2022,A longstanding challenge surrounding deep learning algorithms is unpacking and understanding how they make their decisions. Explainable Artificial Intelligence (XAI) offers methods to provide explanations of internal functions of algorithms and reasons behind their decisions in ways that are inte...,2208.06717,2208.06717_An_Empirical_Comparison_of_Explainable_Artificial_Intelligen.pdf
Breast Cancer Diagnosis: A Comprehensive Exploration of Explainable Artificial Intelligence (XAI) Techniques,"Samita Bai, Sidra Nasir, Rizwan Ahmed Khan, Alexandre Meyer, Hubert Konik",2024,"Breast cancer (BC) stands as one of the most common malignancies affecting women worldwide, necessitating advancements in diagnostic methodologies for better clinical outcomes. This article provides a comprehensive exploration of the application of Explainable Artificial Intelligence (XAI) techni...",2406.00532,2406.00532_Breast_Cancer_Diagnosis__A_Comprehensive_Exploration_of_Expl.pdf
An Explainable AI Framework for Artificial Intelligence of Medical Things,"Al Amin, Kamrul Hasan, Saleh Zein-Sabatto, Deo Chimba, Imtiaz Ahmed et al.",2024,"The healthcare industry has been revolutionized by the convergence of Artificial Intelligence of Medical Things (AIoMT), allowing advanced data-driven solutions to improve healthcare systems. With the increasing complexity of Artificial Intelligence (AI) models, the need for Explainable Artificia...",2403.04130,2403.04130_An_Explainable_AI_Framework_for_Artificial_Intelligence_of_M.pdf
